,Date,Total Fuel Used (kWh per capita),Coal (kWh per capita),Oil (kWh per capita),Gas (kWh per capita),Nuclear (kWh per capita),Hydro (kWh per capita),Wind (kWh per capita),Bioenergy (kWh per capita),Solar (kWh per capita),Low Carbon (kWh per capita),Renewables (kWh per capita),Fossil Fuels (kWh per capita),UK Population,Rainfall (mm),Sunshine (hours),Temperature (C),Wind (knots)
0,1995-01-01,1261.6329569425486,699.9059023038425,71.75287118611352,175.0265403758393,302.79190966621167,10.07303773558892,0.0,0.0,0.0,312.86494740180063,10.07303773558892,946.6853138657951,58024800.0,181.0,43.9,3.5,8.759019450808346
1,1995-02-01,1252.7899615885226,688.1635125427125,68.67619575273507,165.98415824786403,318.15298848716037,9.730796249512897,0.0,0.0,0.0,327.88378473667325,9.730796249512897,922.8238665433116,58035538.461538464,143.0,66.7,5.0,8.759019450808346
2,1995-03-01,1490.0171099536024,828.5880448875399,76.23250241439362,189.58030406100517,382.7640352319344,10.169672065785704,0.0,0.0,0.0,392.9337072977201,10.169672065785704,1094.4008513629387,58044742.85714286,94.1,132.6,4.2,8.759019450808346
3,1995-04-01,1064.866555778954,512.4169892470155,35.989286979145845,151.32314213700926,355.489286290117,7.766319993275078,0.0,0.0,0.0,363.25560628339207,7.766319993275078,699.7294183631706,58052720.0,40.7,156.5,7.6,8.759019450808346
4,1995-05-01,1015.1041083574321,490.74039307815923,40.02776452513533,168.31674982819408,310.41531389242454,3.7626098653627214,0.0,0.0,0.0,314.17792375778725,3.7626098653627214,699.0849074314887,58059700.0,59.7,191.4,10.2,8.759019450808346
5,1995-06-01,1177.0916918274138,543.7195047084466,41.48437737433235,188.31065658102625,397.4335430073519,3.6221284634607605,0.0,0.0,0.0,401.0556714708127,3.6221284634607605,773.5145386638052,58065858.823529415,29.7,206.0,12.9,8.759019450808346
6,1995-07-01,960.473899916195,415.80515917205275,33.636596369981746,169.68372231852777,337.3664573455635,1.8609181810876276,0.0,0.0,0.0,339.2273755266511,1.8609181810876276,619.1254778605622,58071333.333333336,57.9,207.4,16.6,8.759019450808346
7,1995-08-01,968.3961660554314,443.7815488245758,33.793824885694704,167.068346829811,320.1309639852666,1.4806057084318578,0.0,0.0,0.0,321.6115696936984,1.4806057084318578,644.6437205400815,58076231.578947365,18.4,251.2,17.3,8.759019450808346
8,1995-09-01,1207.402328899957,557.7858646185716,47.15571316018556,198.26606593866734,400.73353186190786,1.0803599960331016,0.0,0.0,0.0,401.813891857941,1.0803599960331016,803.2076437174247,58080640.0,135.5,120.3,12.4,8.759019450808346
9,1995-10-01,1068.0825809828223,486.3286672352951,46.272242176686035,191.6507047352582,335.88886560594835,5.881556074338822,0.0,0.0,0.0,341.77042168028714,5.881556074338822,724.2516141472393,58084628.571428575,117.3,104.4,11.6,8.759019450808346
10,1995-11-01,1208.0442173570373,561.5135151715853,52.690651904594084,241.64885155941397,343.8695164160866,6.241261729017977,0.0,0.0,0.0,350.1107781451046,6.241261729017977,855.8530186355935,58088254.54545455,99.8,58.3,6.8,8.759019450808346
11,1995-12-01,1596.23173610477,778.9130802496209,78.8514474151003,281.24082969464996,448.0650487311636,6.420932171549262,0.0,0.0,0.0,454.4859809027128,6.420932171549262,1139.0053573593714,58091565.217391305,73.4,40.8,1.6,8.759019450808346
12,1996-01-01,1280.7190341270962,605.2562544539423,60.20559570080524,240.82238280322096,362.8337229277764,6.280583737559084,0.0,0.0,0.0,369.1143066653355,6.280583737559084,906.2842329579686,58094600.0,74.7,21.4,4.0,8.759019450808346
13,1996-02-01,1349.4453518594182,705.5191466152975,62.172874910061225,234.77309470701792,339.561085870968,3.1796356097458136,0.0,0.0,0.0,342.74072148071383,3.1796356097458136,1002.4651162323767,58106658.333333336,101.8,82.7,2.0,8.759019450808346
14,1996-03-01,1571.0938788221695,827.9332848310771,61.780097805554895,267.5138215658008,414.66641698615166,2.7990982824523254,0.0,0.0,0.0,417.46551526860395,2.7990982824523254,1157.2272042024329,58118716.666666664,48.7,63.0,3.7,8.759019450808346
15,1996-04-01,1097.8184963128394,505.7321186583182,38.359681253174415,199.2944356926258,345.81682422090535,3.6780517720604964,0.0,0.0,0.0,349.4948759929659,3.6780517720604964,743.3862356041185,58130775.0,73.0,120.5,7.5,8.759019450808346
16,1996-05-01,1057.6202856757925,444.0726142803498,41.22960410712699,209.64544211525066,355.3380324889568,3.1576720547387613,0.0,0.0,0.0,358.4957045436955,3.1576720547387613,694.9476605027274,58142833.333333336,65.6,177.4,8.0,8.759019450808346
17,1996-06-01,1198.0680902881916,480.5459901839727,52.07080459124462,261.153267846342,403.0192358424421,3.3768096607522406,0.0,0.0,0.0,406.3960455031943,3.3768096607522406,793.7700626215594,58154891.666666664,42.3,220.1,12.9,8.759019450808346
18,1996-07-01,954.1005674184395,407.53039311842895,37.796446263728804,225.14056521787717,277.2804831609702,1.4383425639473963,0.0,0.0,0.0,278.7188257249177,1.4383425639473963,670.4674046000349,58166950.0,55.2,191.6,14.7,8.759019450808346
19,1996-08-01,947.5115093774515,397.85896430857576,44.599350768124985,213.90911183458064,284.213507134088,1.5179358076029998,0.0,0.0,0.0,285.73144294169106,1.5179358076029998,656.3674269112814,58179008.333333336,78.5,163.5,15.1,8.759019450808346
20,1996-09-01,1278.9952867908705,493.2269099724357,58.78785518052027,306.5195574120197,419.3427169806133,2.555993703500881,0.0,0.0,0.0,421.8987106841142,2.555993703500881,858.5343225649758,58191066.666666664,44.3,138.7,12.6,8.759019450808346
21,1996-10-01,1088.6676617449664,416.2611543624161,44.241473288590605,264.13117852348995,353.37277852348996,4.6717079194630875,0.0,0.0,0.0,358.04448644295303,4.6717079194630875,724.6338061744966,58203125.0,136.6,91.6,10.4,8.759019450808346
22,1996-11-01,1205.6098766902448,488.23207920270517,43.63349653054429,273.8570779501682,384.637455692401,8.662825935158383,0.0,0.0,0.0,393.30028162755934,8.662825935158383,805.7226536834177,58215183.333333336,147.7,75.6,4.7,8.759019450808346
23,1996-12-01,1589.3193177477497,701.4637621651607,58.910982244994436,337.2613820936335,490.9248520416203,8.361687520546297,0.0,0.0,0.0,499.2865395621666,8.361687520546297,1097.6361265037888,58227241.666666664,66.9,43.6,2.4,8.759019450808346
24,1997-01-01,1308.5626029159005,590.3645476508132,55.08792172982848,284.1387516676883,368.09745309438813,7.701534874217238,0.0,3.1723938989651317,0.0,378.9713818675705,10.87392877318237,929.5912210483298,58239300.0,28.9,41.8,2.1,8.759019450808346
25,1997-02-01,1258.043590171107,505.43562382475,30.00138835868751,330.8730244052857,383.4552449594747,5.6651557804968435,0.0,2.6131528424122763,0.0,391.7335535823839,8.27830862290912,866.3299843203448,58252237.5,168.3,63.0,5.3,8.759019450808346
26,1997-03-01,1396.1508225110454,544.1131173123568,25.946236323841816,383.9285130440267,426.9661594597458,12.42467734800419,0.0,2.7920623253942,0.0,442.16295583082007,15.196796371074145,953.9878666802254,58265175.0,66.9,113.9,7.1,8.759019450808346
27,1997-04-01,1013.0344217994362,352.2999822617797,11.923447246168104,288.2363769073681,352.6987597616515,5.204046373327551,0.0,2.69174812413494,0.0,360.5746153841204,7.895794497462492,652.4398675403223,58278112.5,43.1,140.7,7.9,8.759019450808346
28,1997-05-01,993.9715273614046,307.1300654217071,12.259686521344186,299.73438460964417,368.2092190825178,3.7676109797301645,0.0,2.8904951960892795,0.0,374.86732525833725,6.658106175819444,619.1042021030673,58291050.0,87.3,211.8,10.2,8.759019450808346
29,1997-06-01,1181.6512549849185,388.0575406613484,22.202049216616615,344.7296636443605,421.12145417155216,3.0094339602415703,0.0,2.5510433570259665,0.0,426.68193148881966,5.560477317267537,754.9693234960988,58303987.5,115.9,137.8,12.6,8.759019450808346
30,1997-07-01,952.4239832604342,303.9053242262002,14.067476980310605,293.7831169939087,336.0851759587804,2.1320397123133636,0.0,2.430923784132994,0.0,340.6481394552268,4.562963496446358,611.7758438052075,58316925.0,63.9,194.4,15.3,8.759019450808346
31,1997-08-01,927.7694422818156,322.62359610396817,13.586248381778717,269.43403132486384,317.6632209616472,2.0120397163631236,0.0,2.4303846078841693,0.0,322.12556647120505,4.462345509557819,605.6438758106108,58329862.5,83.8,179.6,17.2,8.759019450808346
32,1997-09-01,1222.1127885531719,496.3059366365686,16.570750803869544,348.54343637946755,353.64212893450434,4.740190734760759,0.0,2.270511528414817,0.0,360.67274796547304,7.030619030968689,861.440040587699,58342800.0,61.7,146.7,12.7,8.759019450808346
33,1997-10-01,1052.1686920673396,444.16492894122024,12.504957203222732,295.4196577500199,293.9262313324375,3.1660640052745457,0.0,3.006765187399097,0.0,300.09906052511116,6.1728291926736425,752.0895438944628,58355737.5,72.4,114.1,9.2,8.759019450808346
34,1997-11-01,1172.67712518744,481.71239110704505,12.024394934440434,322.11044708484474,350.3996278825928,3.5237051380727764,0.0,2.8866511018110312,0.0,356.80998412247664,6.410356239883807,815.84723312633,58368675.0,123.2,41.0,7.7,8.759019450808346
35,1997-12-01,1484.0268757564722,657.0950399836935,19.405938813354975,388.2581009560159,408.5796020108215,7.523533201485313,0.0,3.164660791100965,0.0,419.26779600340774,10.688193992586278,1064.7590797530643,58381612.5,133.1,35.3,5.1,8.759019450808346
36,1998-01-01,1253.4652977032958,513.5166209860338,13.98907946032635,324.9525854724456,389.8237078631482,8.855107197503877,0.0,2.328196723838098,0.0,401.00701178449015,11.183303921341974,852.4582859188058,58394550.0,134.1,44.7,4.3,8.759019450808346
37,1998-02-01,1249.3942344608092,539.1037746549284,15.954877570141058,321.5643903288779,363.0430932387833,7.73871243738762,0.0,1.9893862306909051,0.0,372.7711919068618,9.728098668078527,876.6230425539474,58409975.0,81.9,70.0,6.8,8.759019450808346
38,1998-03-01,1507.8549740352655,619.2716523977585,16.64676664601355,412.0920010817213,447.07606623146785,10.998401380221615,0.0,1.7700862980826833,0.0,459.8445539097721,12.768487678304297,1048.0104201254933,58425400.0,105.2,71.2,6.7,8.759019450808346
39,1998-04-01,1137.54694599195,474.73511881463,10.35923089723665,300.03991216756435,345.09560739431726,5.110023686352819,0.0,2.2269363924961705,0.0,352.41268411251895,7.317076718201703,785.134261879431,58440825.0,121.1,126.9,6.6,8.759019450808346
40,1998-05-01,1043.87927723725,408.89280444777074,14.729682454827328,279.86396664171923,335.1450016037635,3.3196450336790333,0.0,1.9281770554902171,0.0,340.3928236929327,5.247822089169251,703.4665754303433,58456250.0,41.3,187.1,11.5,8.759019450808346
41,1998-06-01,1225.9176088251277,434.7190327624444,15.639948744413429,360.03678704261506,411.2690460808588,2.1263970973980135,0.0,2.1263970973980135,0.0,415.5218402756548,4.252794194796027,810.3957685494728,58471675.0,121.8,140.0,12.7,8.759019450808346
42,1998-07-01,1030.4147068327889,411.6970066903642,10.986798798367504,309.4780558447931,293.66342321640155,2.0662334087345755,0.0,2.5033212451976588,0.0,298.2329778703338,4.569554653932235,732.1817289624549,58487100.0,93.0,133.3,14.1,8.759019450808346
43,1998-08-01,993.8941609785219,363.3029856403634,9.255873998600915,284.05204732616244,330.7683899113756,4.4094507031961445,0.0,2.105413398823384,0.0,337.28325401339515,6.514864102019529,656.6109069651267,58502525.0,78.9,172.7,14.5,8.759019450808346
44,1998-09-01,1301.596792095417,505.7021648912855,12.847579247051543,341.8210651603482,433.93840693325717,5.2621460594569704,0.0,2.0254298040174,0.0,441.2259827967316,7.287575863474371,860.3708092986852,58517950.0,92.6,114.6,13.4,8.759019450808346
45,1998-10-01,1139.798106635744,466.5400209709418,15.881537669748242,294.9995622155736,356.6199283741968,3.6527536640420957,0.0,2.104303741241642,0.0,362.3571338573933,5.737205483196552,777.4409727783508,58533375.0,187.7,97.3,9.1,8.759019450808346
46,1998-11-01,1242.9189325827344,460.28448063837345,14.54762522886891,350.98874784794907,405.6862309731369,8.613464323777771,0.0,2.7983835706282623,0.0,417.11792555953326,11.431694586396306,825.8010070232011,58548800.0,118.4,65.8,5.3,8.759019450808346
47,1998-12-01,1512.1775452505349,543.735497225482,17.22239131483427,457.52433332806845,481.43329822942246,10.238195758588114,0.0,2.0436708587879373,0.0,493.7151648467986,12.281866617376052,1018.4623804037362,58564225.0,122.5,34.4,4.9,8.759019450808346
48,1999-01-01,1277.8704208714119,455.63843416613105,15.25406860573595,389.32588364730753,405.25438441506566,9.561067708666746,0.0,2.8167460884453903,0.0,417.6321982121778,12.377813797112138,860.2382226592342,58579650.0,164.9,50.1,4.5,8.759019450808346
49,1999-02-01,1247.1165453621315,437.1620512730079,14.813338729913218,404.4814860428914,380.26851872130635,8.07098910719502,0.0,2.2805006076840963,0.0,390.63983887625227,10.371320154945934,856.4767064858793,58596783.333333336,83.2,75.3,4.2,8.759019450808346
50,1999-03-01,1439.4475373453688,516.8879290612156,15.264975467998926,463.71823528826354,429.65949781550745,9.7735492282123,0.0,4.143350484171137,0.0,443.5763975278908,13.916899712383437,995.8711398174778,58613916.666666664,88.7,105.8,6.2,8.759019450808346
51,1999-04-01,1085.2009643354502,373.78351573099917,8.839207211878348,351.3089395465372,340.6463981115808,7.41224999381727,0.0,3.1908348903865784,0.0,351.24948299578466,10.603084884203847,733.9316624894147,58631050.0,88.6,146.9,8.3,8.759019450808346
52,1999-05-01,1045.3766939640925,322.9132587511236,9.728212667002188,346.3322961694466,359.6466727727571,3.5267247550435634,0.0,3.229528848719667,0.0,366.4029263765203,6.756253603763231,678.9737675875723,58648183.333333336,75.9,158.3,11.5,8.759019450808346
53,1999-06-01,1210.5611634813188,338.2488176574518,11.72590619272773,414.34836426633683,440.216664076645,3.743574781124225,0.0,2.2778365070332587,0.0,446.23807536480246,6.001604014183282,764.3230881165164,58665316.666666664,93.8,167.1,12.4,8.759019450808346
54,1999-07-01,996.9258611390628,307.1607269294312,10.27697378006542,359.4960673932326,313.18038016476817,3.6236728357456105,0.0,3.1682385449141948,0.0,319.9920930363337,6.791911380659805,676.9337681027292,58682450.0,46.1,207.0,15.9,8.759019450808346
55,1999-08-01,988.8749579426316,297.80667949091065,9.977038451437048,344.4651708203494,331.3802057084448,2.0191625437432124,0.0,3.246496638959675,0.0,336.6458648911477,5.265659182702887,652.2290930514839,58699583.333333336,91.9,149.6,14.8,8.759019450808346
56,1999-09-01,1217.9913329622484,429.6988563449989,15.416359282123802,416.51875970585314,349.43088041650833,3.9184071089351904,0.0,3.0080701038290347,0.0,356.35735762927254,6.926477212764225,861.6339753329759,58716716.666666664,140.2,134.6,14.2,8.759019450808346
57,1999-10-01,1147.0857095184463,394.120290088254,13.25538850254155,389.0357604686224,343.1365047583293,4.98560880991115,0.0,2.5521568907878507,0.0,350.6940546209724,7.557549862643093,796.3916548974739,58733850.0,93.4,102.3,9.8,8.759019450808346
58,1999-11-01,1204.9589978493977,410.44119828916337,14.06243696914009,427.786848390339,342.28485821088384,7.258669996729133,0.0,3.124985993142243,0.0,352.64873580839355,10.383655989871375,852.3102620410042,58750983.333333336,109.6,61.4,6.8,8.759019450808346
59,1999-12-01,1467.010224081255,569.3527697983629,23.133972587743866,494.8890597424284,364.8840428497652,11.547213667728562,0.0,3.183392809082703,0.0,379.63442195271983,14.730606476811264,1087.375802128535,58768116.666666664,195.5,48.3,3.6,8.759019450808346
60,2000-01-01,1307.3012703016489,514.9070217444003,15.516987679732585,411.9216640228629,350.6048541088113,10.674106174593117,0.0,3.6766365712487397,0.0,364.93582999136686,14.330975882555572,942.3654403102819,58785250.0,101.9,57.9,4.3,8.759019450808346
61,2000-02-01,1245.8629497051813,487.52018069339584,12.231972431162582,409.2276527898964,322.3193898621856,10.769668780264308,0.0,3.7940851482766,0.0,336.8831437907265,14.563753928540908,908.9798059144549,58803108.333333336,131.6,81.4,5.1,8.759019450808346
62,2000-03-01,1375.9853090932995,473.16842237093465,11.141741408534033,503.3933591706812,374.947255202085,9.995959490635142,0.0,3.3188165897760946,0.0,388.2620312824962,13.314776080411237,987.7035229501498,58820966.666666664,67.7,104.0,6.5,8.759019450808346
63,2000-04-01,1134.6117805717568,417.17502006540747,11.098862018403665,386.76176827120526,312.071561592197,4.621234363534622,0.0,2.863585396207351,0.0,319.55638135193897,7.484819759741974,815.055399219818,58838825.0,123.8,134.5,6.7,8.759019450808346
64,2000-05-01,1096.5191435353843,396.1209956048606,12.51698122076762,354.44379157167367,326.74454133076364,2.3888875831433474,0.0,4.3039462241756175,0.0,333.4373751380826,6.692833807318965,763.0817683973017,58856683.333333336,77.6,209.4,10.8,8.759019450808346
65,2000-06-01,1149.4958616096799,397.5403177236342,11.763182869788796,412.48113891898663,321.5335774022303,2.1907941250781144,0.0,3.9868505699619745,0.0,327.7112220972704,6.177644695040089,821.7846395124096,58874541.666666664,58.3,155.6,13.2,8.759019450808346
66,2000-07-01,1008.9000618076357,341.26563020016164,7.95155232254077,369.3032377692198,284.10521561355966,1.6573955213236342,0.0,4.6170303808301245,0.0,290.3796415157134,6.254695003090382,718.5204202919222,58892400.0,59.7,153.8,14.1,8.759019450808346
67,2000-08-01,1019.8374222033485,367.2582435062597,10.000533297044614,331.6350420576156,304.63162966382055,2.1302911165302136,0.0,4.161957644332177,0.0,310.9436033424286,6.292248760862391,708.89381886092,58910258.333333336,85.3,171.5,15.2,8.759019450808346
68,2000-09-01,1214.3909231784376,481.26045093923756,14.315950478648139,402.5621611867793,308.46337925274497,4.121258471125979,0.0,3.6677228499015886,0.0,316.25236057377253,7.769262380974334,898.1385626046651,58928116.666666664,133.8,108.6,13.5,8.759019450808346
69,2000-10-01,1169.1168735439528,494.1054923597413,12.123474079443083,361.71321281902624,289.7805999476639,7.136093685786011,0.0,4.258000652292205,0.0,301.17469428574213,11.394094338078215,867.9421792582106,58945975.0,199.6,86.9,9.3,8.759019450808346
70,2000-11-01,1268.87432126473,534.1384068765317,15.391163509835124,388.5825378833918,318.81977370308914,7.803970230338937,0.0,4.1384690615433755,0.0,330.7622129949715,11.942439291882312,938.1121082697586,58963833.333333336,176.4,54.4,5.8,8.759019450808346
71,2000-12-01,1451.0595674957328,574.5016977725998,18.321956686276803,483.28593491511424,360.84404157617837,10.027823605714937,0.0,4.078112939848707,0.0,374.94997812174205,14.105936545563646,1076.1095893739907,58981691.666666664,156.7,40.2,4.6,8.759019450808346
72,2001-01-01,1375.6412379416454,599.1238916229022,17.115011894158513,398.864465915418,350.69033577374745,5.494923266363896,0.0,4.372304534526111,0.0,360.5378685091666,9.867227800890007,1015.1033694324788,58999550.0,78.9,66.5,2.5,10.163649505417279
73,2001-02-01,1321.6427103795015,585.9660699903874,13.584993894676678,385.81382660881764,327.7330556098376,4.646461679918399,0.0,3.8983025958637425,0.0,336.27781988561975,8.544764275782143,985.3648904938818,59019533.333333336,96.9,83.0,3.4,9.824261147141922
74,2001-03-01,1521.1814572781902,682.0507733379706,24.090441119803657,452.1090873880799,355.4914603806321,3.857619656439148,0.0,3.5623936623239074,0.0,362.9114736993951,7.439695051704071,1158.2503018458542,59039516.666666664,85.6,99.8,4.0,9.383750672271951
75,2001-04-01,1202.8552900041484,474.9759479846595,13.890601850676013,383.7819825768928,323.49755754789663,3.1676868243043033,0.0,3.521838146276213,0.0,330.18708251847715,6.689524970580516,872.6682074856711,59059500.0,89.6,134.4,6.6,8.336931285636398
76,2001-05-01,1074.0726631269906,414.7872766885516,10.345588104612741,355.99837394199733,287.394930388976,1.848831334284406,0.0,3.697662668568812,0.0,292.92175597337933,5.546494002853218,781.1312387351616,59079483.333333336,43.3,219.9,11.3,8.382716181713986
77,2001-06-01,1216.394936446127,456.0350460015432,10.99092828812894,438.8899843427804,304.2461973712115,1.9661767957296852,0.0,4.24694187877612,0.0,310.4593160457173,6.2131186745058065,905.9356204004098,59099466.666666664,58.0,168.1,12.6,7.736327365448753
78,2001-07-01,1033.8987253771813,366.0176811523111,7.881703906244052,341.900846506522,311.5926484431097,2.1424082937172115,0.0,4.343781953316548,0.0,318.0788386901434,6.486190247033759,715.8002315650772,59119450.0,81.6,160.1,15.2,7.516213862775753
79,2001-08-01,1032.7437812221174,355.0283933506295,9.784943266844513,320.07374662027536,341.1172691881277,2.6132479005829725,0.0,4.126180895657326,0.0,347.8763464648235,6.739428796240296,684.8870832377494,59139433.333333336,96.8,159.3,15.2,7.749544238978996
80,2001-09-01,1281.473149526773,479.24133802310996,12.374361365406747,421.180048822884,361.09564974863116,3.044485732758803,0.0,4.537265833982474,0.0,368.67740131537244,7.581751566741277,912.7957482114006,59159416.666666664,88.9,107.7,12.2,8.102442951023066
81,2001-10-01,1135.3471647228596,391.82063353126256,10.367391355775828,360.698824253034,359.2458186463533,9.13037306900712,0.0,4.06448865652575,0.0,372.4406803718862,13.19486172553287,762.8868491400724,59179400.0,165.1,88.4,12.2,8.738389131173854
82,2001-11-01,1267.123165415856,503.94423590561047,10.206863078247155,383.85656607346414,356.1213785166118,8.558062119453384,0.0,4.475316888154522,0.0,369.13512894137693,13.013750424765123,898.0076650573218,59199383.333333336,94.9,55.4,6.8,9.184689484798195
83,2001-12-01,1574.0931936117745,701.7989948108192,20.07326432062484,435.0777026209331,404.3300924641207,7.829161743821419,0.0,4.983977651455239,0.0,417.14323185939736,12.813139395276659,1156.9303397931196,59219366.666666664,69.8,64.0,3.1,9.558434311509618
84,2002-01-01,1351.3400130149976,602.7597872022566,17.693036807459908,372.84838540598435,345.0338330856095,8.571903641751641,0.0,4.452682212076939,0.0,358.0388035992967,13.00497051368727,993.3012094157009,59239350.0,134.3,36.9,5.0,8.42595
85,2002-02-01,1266.1157541254001,516.9876256101082,10.607991559397275,372.5542322154311,350.9656948644211,10.843288969217546,0.0,4.15692090682481,0.0,365.9855128579485,15.000209876042357,900.1498493849366,59261170.833333336,175.2,67.7,5.5,8.70305
86,2002-03-01,1499.9392827538084,580.3238506153888,13.897038203340784,487.31757942377806,405.4054177146649,9.016414067047618,0.0,3.9789827295884046,0.0,418.4008145113009,12.995396796636022,1081.5384682425074,59282991.666666664,75.5,109.5,6.4,9.245999999999999
87,2002-04-01,1091.4076155286723,349.0419601276035,8.621222771760724,391.0312337637017,334.79734886608065,4.604516707644932,0.0,3.311333291880823,0.0,342.7131988656064,7.915849999525755,748.6944166630659,59304812.5,68.0,170.9,8.2,8.893600000000003
88,2002-05-01,1032.5992991343403,351.5381680740353,9.577789402061693,384.56097570568363,277.5404413644462,5.2883499765984805,0.0,4.09357461151512,0.0,286.92236595255986,9.381924588113602,745.6769331817806,59326633.333333336,101.6,171.9,10.7,7.4193999999999996
89,2002-06-01,1209.4121238344526,379.44644584606914,9.456792226194603,456.94123597293924,353.406003484084,5.775887591568132,0.0,4.385758713597497,0.0,363.56764978924963,10.161646305165629,845.8640533251744,59348454.166666664,86.7,149.2,13.1,8.439300000000001
90,2002-07-01,1025.3619003785986,345.25155896616616,6.595792254625737,375.43171224994325,290.64544504804803,3.3663984207585362,0.0,4.070993439056834,0.0,298.0828369078634,7.4178197759737525,727.2790634707352,59370275.0,98.4,139.5,14.4,7.650200000000001
91,2002-08-01,1023.6547666310535,321.8424898430999,7.57161359083767,384.91970487374755,303.41236063749506,2.210832908952601,0.0,3.7173296699203027,0.0,309.32095832336836,5.928162578872904,714.3338083076851,59392095.833333336,73.8,147.5,15.6,6.9677
92,2002-09-01,1281.7534724608572,464.2804169056913,11.949759245519077,469.6392287441074,329.15621620636017,2.4642711373738195,0.0,4.2831379292449725,0.0,335.903625272979,6.7474090666187925,945.8498471878783,59413916.666666664,40.6,137.9,13.1,8.71105
93,2002-10-01,1170.4314092173922,514.9804358026179,11.96492261915653,378.0094425512933,257.63684685497515,3.0303317091001016,0.0,4.809429680249194,0.0,265.47660824432444,7.839761389349294,904.9548009730678,59435737.5,153.8,86.0,8.7,11.2948
94,2002-11-01,1231.7979421455668,545.5135883340876,12.292768497192744,377.5971067317345,281.9519413497611,6.429762854652485,0.0,7.993231025996554,0.0,296.37493523041013,14.42299388064904,935.4230069151567,59457558.333333336,163.1,49.0,7.5,8.78045
95,2002-12-01,1511.2799975285552,631.1359083760892,14.61306442968225,451.6374645526661,404.98506099908155,4.532394315088612,0.0,4.376104855947625,0.0,413.8935601701177,8.908499171036237,1097.3864373584377,59479379.166666664,109.2,31.1,4.7,8.2772
96,2003-01-01,1332.8945298582214,580.2657089268788,16.931658521172682,374.5860923813301,349.74518160978266,5.136131708268069,0.0,6.229756710789026,0.0,361.0915410109376,11.365888419057095,971.7834598293816,59501200.0,114.0,60.0,3.7,11.11825
97,2003-02-01,1335.6285377395636,603.8829116482519,15.480172908907832,361.04135933196767,345.50262334774243,4.275104498172529,0.0,5.446366004521167,0.0,355.2240938504361,9.701949477587885,980.4044438891276,59525562.5,48.4,93.4,3.4,13.8929
98,2003-03-01,1476.5516497291978,638.9154310437839,10.927301755627736,431.45280199765153,386.2996301002898,3.8245556144697077,0.0,5.131929217375169,0.0,395.25611493213466,8.975997870694211,1081.295534797063,59549925.0,53.6,157.7,6.7,9.94625
99,2003-04-01,1160.6485432158966,498.47129099110083,7.021821284895768,333.73156162379615,313.8559063757162,1.4628794343532854,0.0,6.1050835060343775,0.0,321.40436425697914,7.567962940387663,839.2246738997927,59574287.5,50.4,181.6,8.8,9.138950000000001
100,2003-05-01,1083.9014977688255,408.1519967314696,5.79063451940606,351.6689388098556,307.8979809106414,4.83527730913368,0.0,5.53717240239502,0.0,318.2704306221701,10.3724497115287,765.6310671466551,59598650.0,98.1,170.6,10.7,9.93955
101,2003-06-01,1259.0945484346335,430.9434046124388,8.984483969172137,444.04009274103686,367.09704998552365,2.47511814335111,0.0,5.534909863871773,0.0,375.1265671119855,8.010028007222882,883.9679813226479,59623012.5,71.2,191.0,14.5,9.86575
102,2003-07-01,1074.3274787867867,422.58530237080845,9.000295486599368,374.6421699194642,260.2488039079675,2.2598144511807936,0.0,5.571611491704371,0.0,268.0802298508527,7.831425942885165,806.2472489359338,59647375.0,78.3,158.8,16.2,7.02515
103,2003-08-01,1032.9756528373252,376.1054888002884,7.53613048388276,367.7125372794784,273.67642847671397,2.180999003087517,0.0,5.764068793874152,0.0,281.62149627367563,7.925594591576959,751.3736297690343,59671737.5,26.7,197.7,16.5,6.2940000000000005
104,2003-09-01,1303.82192471535,420.9751390794373,9.168136611939474,482.42695921509113,382.72590671752425,1.9659910781441334,0.0,6.57925727141304,0.0,391.27115506708145,8.525783091357727,912.5702349064679,59696100.0,53.8,146.2,13.1,6.1716999999999995
105,2003-10-01,1219.059313212787,531.0291091600303,10.643152671498484,394.2830817828982,272.9277925468176,3.0158842122162066,0.0,7.199207474322558,0.0,283.1234269158582,10.195634369040596,935.955343614427,59720462.5,63.9,120.0,8.1,8.3624
106,2003-11-01,1249.622875286688,553.8406380803693,10.035881768839394,392.23571246547294,282.19110190715264,4.551155685869027,0.0,6.768385378984707,0.0,293.49119358873344,11.30009168158079,956.1122323146816,59744825.0,120.2,64.1,7.3,9.477049999999998
107,2003-12-01,1542.037927151009,686.4194698982649,15.903110611968751,461.0930004695145,363.0886232140934,7.037806896739228,0.0,8.457033149396583,0.0,378.60290471574507,15.514281501651666,1163.415580979748,59769187.5,121.7,45.3,4.2,8.44475
108,2004-01-01,1329.7007118660792,606.1319322903557,12.981600858286555,377.72960461454454,317.67998387785974,9.172628151364153,0.0,5.985528539449489,0.0,332.8381405686734,15.158156690813641,996.8625712974058,59793550.0,151.1,42.0,4.4,11.2141
109,2004-02-01,1313.0157851064805,574.8243688736304,8.91516760645367,402.28965460755643,313.720669236252,7.225364596080097,0.0,6.0405601865078244,0.0,326.9865940188399,13.265924782587922,986.0291910876405,59825908.333333336,74.3,86.8,4.3,8.853900000000001
110,2004-03-01,1584.5666318436663,676.7788019254373,11.880464296772153,477.4121870106496,406.49823917387073,4.9113684102669195,0.0,7.066158503308928,0.0,418.4757660874466,11.977526913575847,1166.0908657562197,59858266.666666664,70.1,109.2,5.7,8.6739
111,2004-04-01,1143.4201262718498,449.62275815288285,7.566793634229064,394.96722567179756,280.0101685363945,4.035623271588833,0.0,7.2175570049569515,0.0,291.26334881294025,11.253180276545786,852.1567774589095,59890625.0,93.1,124.0,8.5,8.526800000000001
112,2004-05-01,1053.0779425479204,382.7893526662975,7.349400438729826,399.0976528482811,253.62218558877936,2.6954265461304634,0.0,7.523924459702301,0.0,263.84153659461214,10.219351005832765,789.2364059533083,59922983.333333336,51.1,196.2,11.0,9.986300000000002
113,2004-06-01,1025.4923463172104,309.6129466362533,8.1788208751486,413.3986949453072,285.42534366898917,2.0156335806053423,0.0,6.860906610906646,0.0,294.30188386050116,8.876540191511989,731.2098435488303,59955341.666666664,84.7,168.6,13.9,8.5761
114,2004-07-01,1067.050945443816,318.8600663135943,8.155038449548824,447.8878836828216,282.0945960588587,2.382588430628279,0.0,7.690143146011599,0.0,292.1479569978512,10.072731576639878,774.9029884459648,59987700.0,70.4,152.6,14.4,8.5271
115,2004-08-01,1114.624474845701,385.3646704497538,8.73144769519412,440.7735469545112,266.8415600506886,3.872038889221339,0.0,9.060571000777934,0.0,279.7741699406879,12.932609889999274,834.850304905013,60020058.333333336,159.7,161.9,16.1,7.0840000000000005
116,2004-09-01,1143.203318212284,460.9693920172516,6.404771387218666,386.7050035455137,271.8061138255607,6.327372337222066,0.0,10.990665099517228,0.0,289.1241512623,17.318037436739292,854.0985167124832,60052416.666666664,103.0,141.1,13.4,7.171
117,2004-10-01,1235.648564881869,482.6906316949676,10.965406793984,458.99993800426154,263.44051384065267,8.393274336135901,0.0,11.158800211867316,0.0,282.99258838865586,19.552074548003215,952.6559764932131,60084775.0,165.3,82.5,9.3,8.529900000000001
118,2004-11-01,1327.878319769073,586.7490687624271,10.70822849171118,443.9662458955128,267.725041225075,6.455863386699521,0.0,12.273872007647293,0.0,286.45477661942186,18.729735394346815,1041.423543149651,60117133.333333336,75.2,45.1,7.0,10.003400000000001
119,2004-12-01,1422.2111547354446,651.1311885567335,9.891089409317535,429.52828501321494,310.98976037342516,7.920598941055058,0.0,12.750232441698385,0.0,331.66059175617863,20.670831382753445,1090.550562979266,60149491.666666664,110.8,45.6,5.0,9.0564
120,2005-01-01,1410.8849096529934,621.3361669672834,7.954956519282807,395.04468539933544,360.88857354833726,10.310550440041307,0.0,15.33066863182172,0.0,386.54910076709166,25.660527218754492,1024.3358088859015,60181850.0,126.5,47.2,5.3,10.217149999999998
121,2005-02-01,1345.482477629511,642.1853350281832,18.447391234583627,363.4869337718115,299.8087004306756,6.811641324066968,0.0,14.781068708881861,0.0,321.38211402927857,21.57341359860303,1024.1003636002326,60218379.166666664,69.8,69.0,3.7,9.423200000000001
122,2005-03-01,1406.2236644898499,657.397365553484,23.70094054578403,391.8272660774938,314.93902363970625,5.284017664397741,0.0,13.075051008984191,0.0,333.2788075770867,18.33978393738048,1072.9255721767618,60254908.333333336,72.9,81.6,6.4,9.64555
123,2005-04-01,1201.4820512448389,480.90118932725727,5.974646068108759,426.89809809228717,271.0754740256442,4.837536009984834,0.0,11.795107721556647,0.0,287.7081177571857,16.63264373154148,913.7932065394858,60291437.5,91.0,146.2,7.9,9.31605
124,2005-05-01,1124.787652382339,382.6851338710239,5.643584871361486,431.93648716819564,288.0732264030116,4.295288144415056,0.0,12.173193306144913,0.0,304.5417078535715,16.44922006874645,820.2459445287675,60327966.666666664,72.6,202.4,10.0,6.8644
125,2005-06-01,1102.2778055450503,372.25119981192034,7.41114447862185,410.01916206401404,299.25623912897476,3.6766976504331774,0.0,9.68261213700465,0.0,312.6155489164126,13.359309787437828,789.6622566286377,60364495.833333336,71.6,166.1,14.1,8.7376
126,2005-07-01,1097.0902232205497,331.89542727130873,7.522090891669472,442.82222031828104,301.3261116015829,1.9430464963135974,0.0,11.600564725515834,0.0,314.85048473929044,13.543611221829432,782.2205003971372,60401025.0,59.4,161.9,15.3,7.616899999999999
127,2005-08-01,1086.929259560126,332.5600163198751,7.344506344117031,408.9275011335736,324.75407502220094,2.0764572910069092,0.0,11.266703449352304,0.0,338.09723576256016,13.343160740359213,748.8320237975657,60437554.166666664,85.4,182.1,14.8,7.38885
128,2005-09-01,1112.9044756086973,364.0444102087809,8.819612809343948,465.78700242114735,255.67269725736506,4.015902128873387,0.0,14.545635940464853,0.0,274.2342353267033,18.56153806933824,838.6702402819941,60474083.333333336,92.0,130.7,13.8,10.4124
129,2005-10-01,1192.2525490879802,456.71072987403653,10.196922068835446,464.69927899011105,240.8278713093509,6.701931830552864,0.0,13.154221501228403,0.0,260.6648213980647,19.856153331781265,931.5877276899157,60510612.5,141.6,71.4,11.6,9.5502
130,2005-11-01,1367.3863987799039,667.4090780778669,32.52985930935083,369.90000491352674,274.26797604125824,7.734237936087542,0.0,15.54524250181367,0.0,297.54745647915945,23.279480437901213,1069.8389423007443,60547141.666666664,116.1,77.4,5.6,8.311
131,2005-12-01,1462.1554749247957,782.1447157000018,34.27481318707922,320.61431294639965,304.9441829106729,5.677305374020956,0.0,14.519324892344134,0.0,325.12163309131495,20.19663026636509,1137.033841833481,60583670.833333336,80.5,46.0,4.1,10.0375
132,2006-01-01,1505.8795582990488,778.4147528381628,31.168026499417685,337.28941837869223,336.4651716754481,6.306445706216739,0.0,16.23574320111118,0.0,359.007360582776,22.54218890732792,1146.8721977162727,60620200.0,59.3,45.4,3.8,13.2239
133,2006-02-01,1370.118433241704,693.2965551501707,28.77321504892256,322.32897231236416,296.37177764439474,4.080356062197406,0.0,25.267557023654362,0.0,325.7196907302465,29.347913085851772,1044.3987425114574,60657941.666666664,65.0,67.1,3.4,8.94205
134,2006-03-01,1472.9349616021568,759.3741015629612,47.28738260079451,306.8510802937386,340.00968218223096,4.173542270029637,0.0,15.239172692401793,0.0,359.4223971446624,19.41271496243143,1113.5125644574944,60695683.333333336,110.5,88.0,3.9,8.69105
135,2006-04-01,1159.7341990839475,475.83254196515344,7.002601944481149,363.12126312652384,299.98304887300526,5.165853893469699,0.0,8.609756489116167,0.0,313.7586592555911,13.775610382585864,845.9755398283564,60733425.0,67.4,161.9,7.4,9.681600000000001
136,2006-05-01,1136.2027057787823,478.1757138116486,6.711439361319925,343.3541783795495,294.95915552057306,4.512534727269237,0.0,8.508804888283095,0.0,307.9804951361254,13.002218705691021,828.2222106426568,60771166.666666664,112.6,176.0,10.7,8.96985
137,2006-06-01,1071.6541997889838,402.89504731283205,7.624507867473913,384.2064039684975,266.34183122017896,2.809029214332494,0.0,7.739162121120137,0.0,276.90913159790597,10.548191335452632,794.7450681910777,60808908.333333336,42.1,206.7,14.5,7.382349999999999
138,2006-07-01,1130.7254877630896,451.113808237594,11.381924888223098,381.3135809448836,275.95438697118084,2.043399266845422,0.0,8.91838745436273,0.0,286.916173692389,10.961786721208153,843.8093140707007,60846650.0,53.1,249.7,17.8,7.266800000000001
139,2006-08-01,1080.3835630013002,399.34188934848794,5.515666508397678,372.9277632321475,293.4372753170045,2.04213258269395,0.0,7.11883601256863,0.0,302.5982439122671,9.16096859526258,777.7853190890332,60884391.666666664,92.0,135.5,14.9,7.539900000000001
140,2006-09-01,1105.9022117850984,406.0372584895254,5.588543627275035,436.87915284209794,244.9231696854564,4.3869113797722115,0.0,8.087175760971382,0.0,257.39725682619996,12.474087140743594,848.5049549588983,60922133.333333336,102.4,138.0,15.2,9.1636
141,2006-10-01,1181.9600023786138,471.5297398493681,10.674562570871414,493.6413337461732,190.69343564106717,6.290367229263511,0.0,9.130563341870369,0.0,206.11436621220105,15.420930571133882,975.8456361664128,60959875.0,142.7,84.8,11.6,9.484200000000001
142,2006-11-01,1326.7510506558044,678.8059642767464,10.991806510472951,412.04986970802406,203.4531950292047,8.381966836409182,0.0,13.068248294947042,0.0,224.90341016056095,21.450215131356227,1101.8476404952435,60997616.666666664,153.2,77.1,7.2,8.64005
143,2006-12-01,1369.527996272106,692.0365695130541,10.509056021216118,413.7560045454526,230.98981287212888,10.432903441352233,0.0,11.80364987890216,0.0,253.2263661923833,22.236553320254394,1116.3016300797228,61035358.333333336,172.8,42.2,5.5,8.007200000000001
144,2007-01-01,1392.7310059584333,690.086797624486,10.902115661395934,424.07898076239786,234.5762373287094,10.883089281533113,7.686657464579332,14.51712783533176,0.0,267.6631119101536,33.08687458144421,1125.0869204281425,61073100.0,152.9,50.9,5.9,8.333499999999997
145,2007-02-01,1232.0526038807811,515.3595862310926,9.65883304945195,473.9482902041117,209.18598663399675,6.920896122048247,4.658295466763243,12.339729624201407,0.0,233.0858943961249,23.918921213012897,998.9667094846561,61114629.166666664,110.1,67.3,5.1,8.402
146,2007-03-01,1274.1381755094437,529.6970392324893,11.020312890266297,493.84302126019196,214.59209272873719,9.405267035658305,6.1751753264423215,9.386266496192329,0.0,239.55880158703013,24.966708858292954,1034.5793739224137,61156158.333333336,88.2,141.8,6.3,9.572199999999999
147,2007-04-01,1092.739002597116,367.08815181946215,6.968465924468144,500.5902878274608,203.20578289825085,3.7785414685808183,3.246887392599598,7.879872911864521,0.0,218.1110846712958,14.905301773044938,874.6469055713911,61197687.5,26.6,203.3,0.2,9.1654
148,2007-05-01,1117.3292821892724,435.679674761788,5.996027055647621,451.52360701326194,205.9141949616708,4.022651062649669,4.231373523447529,9.980728579970407,0.0,224.1489481277384,18.234753166067605,893.1803340615342,61239216.666666664,114.2,174.2,10.6,8.729
149,2007-06-01,1034.3911637824795,331.51107617475554,8.513897683604943,450.4212150920976,229.6476945348318,3.033905633355882,2.6925912496033453,8.58974532443884,0.0,243.9449748320214,14.297280297189593,790.446188950458,61280745.833333336,136.2,140.6,13.7,7.307299999999998
150,2007-07-01,1076.1365588605445,413.3739330447216,7.901761635555759,381.12261816770496,257.991569947462,3.695068390727513,3.8466609400906924,8.20494673428212,0.0,273.73824601256234,15.727726996429928,802.3983128479822,61322275.0,134.7,160.0,14.2,7.314400000000001
151,2007-08-01,1052.3628526126934,404.5539277938888,9.051524877620242,391.2606841451661,231.60920664889787,4.090228814991574,4.506826194296272,7.290454137832204,0.0,247.51565204053176,15.9064453916339,804.8472005721615,61363804.166666664,85.8,169.5,14.3,8.0234
152,2007-09-01,1061.548084856907,404.0910887219352,8.875092282972163,392.11255265557816,240.93320884179442,4.163156294784383,4.655165675077083,6.698896947062144,0.0,256.4693511964216,15.51721891692361,805.0787336604856,61405333.333333336,66.9,128.2,12.6,8.3601
153,2007-10-01,1239.6119004448763,558.866386383845,17.92729449774592,436.4010286123234,208.11168348912852,4.065789363940266,3.74430834446592,10.495409753427198,0.0,226.4171909509619,18.305507461833386,1013.1947094939144,61446862.5,64.5,99.6,10.2,9.026499999999999
154,2007-11-01,1340.1239773306804,678.3203604691238,19.899463408201576,408.8555468532204,210.44674692662178,5.952830934077395,5.442588282585047,11.225338332831658,0.0,233.0675044761159,22.620757549494098,1107.0753707305457,61488391.666666664,101.3,56.7,6.8,12.107799999999997
155,2007-12-01,1401.0493566781636,734.6123217423826,15.712420671216801,409.4483083805907,214.47831918630914,7.57293352062252,7.289656705636641,11.916511350406012,0.0,241.27630588397338,26.779101576665173,1159.77305079419,61529920.833333336,114.3,44.1,4.4,11.710999999999999
156,2008-01-01,1289.3234770335928,556.3578574160589,14.777076063662621,468.3936792133367,217.25887566396437,10.096725024341639,10.45530030557994,11.983963346648487,0.0,249.77599195731136,32.517116293346994,1039.5286126930584,61571450.0,189.3,38.1,5.3,13.5578
157,2008-02-01,1246.7646231760973,498.83787184607206,12.561005053101596,495.7259111347181,210.9909362298011,8.449444840524796,7.657309386725595,12.542144685153993,0.0,239.63983514220547,28.648898912404384,1007.1247880338918,61610675.0,81.8,101.3,4.9,8.732999999999999
158,2008-03-01,1262.0678703452884,520.987738828449,11.139385465345443,510.4703495058386,190.8208772439209,8.934126413830356,9.028368253638693,10.687024634265425,0.0,219.4703965456554,28.649519301734472,1042.597473799633,61649900.0,122.5,114.7,5.1,10.646799999999999
159,2008-04-01,1168.3643429858992,520.1667230650459,13.694050612648502,459.3628779788982,151.27499376916109,6.065315402025884,5.839278803192621,11.96110335492682,0.0,175.14069132930643,23.88453394338143,993.2236516565927,61689125.0,76.1,153.9,7.0,7.389500000000002
160,2008-05-01,1030.4295838135963,356.06378592656375,12.104098035991566,458.2615281309155,185.51459742565612,2.842486475015127,4.423737229328178,11.238175003867752,0.0,204.0189961338672,18.504398708211056,826.4105876797291,61728350.0,47.8,200.3,12.1,8.964900000000002
161,2008-06-01,982.1044455768258,330.6101623707908,13.206346533759824,435.7153733168252,184.23041539189452,1.7307462693816293,5.1546138892452875,11.456787804928394,0.0,202.57256335544986,18.342147963555313,779.5318822213759,61767575.0,78.7,178.7,12.9,7.377399999999999
162,2008-07-01,1007.8394933890768,346.4747891817729,12.652750182827779,460.89475591682464,168.94147569523093,2.049256716089492,5.62135557899778,11.186309597002271,0.0,187.8171981076516,18.87572241242064,820.0222952814254,61806800.0,108.2,165.9,15.3,8.2924
163,2008-08-01,992.3948709719016,278.67246116464236,13.227171835214955,497.87901485988795,183.000928515616,3.100118398878505,5.4111157507697545,11.1040604468921,0.0,202.61622311215635,19.61529459654036,789.7786478597452,61846025.0,134.7,103.8,15.1,8.1546
164,2008-09-01,1077.199785086107,379.4393009642847,23.583519497780163,490.052767016373,162.66244379718916,3.8116675621412206,5.032152249526341,12.617933998812317,0.0,184.12419760766903,21.46175381047988,893.075587478438,61885250.0,105.8,101.9,12.5,8.4823
165,2008-10-01,1163.6799181583694,476.4944070983242,20.69756748038639,453.71394751429057,180.62990441178547,6.811620122738223,10.395695724509574,14.936775806335056,0.0,212.7739960653683,32.144091653582855,950.8871572992747,61924475.0,154.8,108.8,8.7,7.095100000000001
166,2008-11-01,1226.8719589049717,563.3750728248958,27.172973854046806,424.64100755765077,180.45930117149234,7.088601874968732,9.695257061795857,14.43974456012149,0.0,211.70165758339158,31.242356411899223,1015.1890542365934,61963700.0,105.9,53.4,6.1,9.031400000000001
167,2008-12-01,1329.377735002018,624.5080534507041,32.834321929167054,415.3579206142291,224.03052759204505,7.327751069808401,8.414732046915528,16.90442829914879,0.0,256.67743900791777,32.62817036454329,1072.7002959941003,62002925.0,87.5,54.4,3.1,10.31
168,2009-01-01,1360.3394466503821,692.2313298298012,32.60754180827067,414.8143802237672,183.02176826560654,7.828806706408465,12.136523315197813,17.699096501330143,0.0,220.667465585896,37.645697320289514,1139.671981064486,62042150.0,119.3,52.7,2.8,12.059900000000003
169,2009-02-01,1220.4894280488982,569.8150424515014,21.787100792088417,362.74399772394634,237.29971120455065,5.184731030419666,8.085934314589515,15.554193091258998,0.0,266.14328708136185,28.824858436268183,954.3648584080793,62081137.5,59.8,53.2,3.7,10.830699999999997
170,2009-03-01,1201.2796175152578,454.19293666907464,17.265354826636294,417.978714627506,279.0141198202676,7.9686253046013675,11.316944387990205,13.542921879181668,0.0,311.84261139204085,32.828491571773235,889.4370061232169,62120125.0,79.0,139.2,6.1,11.577500000000002
171,2009-04-01,1005.3238131416371,307.4034881048213,11.066824675143167,399.2843044533495,265.90289557303447,5.103451243773791,7.0663171067637105,9.515225945351133,0.0,287.58788986892307,21.684994295888636,717.754617233314,62159112.5,60.0,161.4,8.9,8.6118
172,2009-05-01,958.4177330175679,283.01729474051456,12.367644670817919,415.58648897635135,222.72969753095353,4.446373763828799,10.686242827353247,9.602672750453792,0.0,247.4463046298842,24.716607098930673,710.9714283876839,62198100.0,81.7,212.5,10.8,7.2997000000000005
173,2009-06-01,972.5297315688174,281.14098366187204,10.399490496723518,405.3187418193372,257.1680109548828,1.997747725582435,6.086595874204427,10.418161036214942,0.0,275.67051559088463,18.502504636001806,696.8592159779328,62237087.5,61.7,203.0,13.7,8.503
174,2009-07-01,967.6106915858138,245.75572561372886,12.725336335021113,431.07543306157294,259.0035097748212,2.4629683229073125,6.5305978258906014,10.094438353733757,0.0,278.07285542642177,19.069345651600553,689.556495010323,62276075.0,145.5,168.8,15.1,8.246299999999998
175,2009-08-01,946.754470478145,210.71310006308664,10.945892897082468,450.87009260401527,250.31970400414826,5.407681329052667,9.3981772063536,9.118469551402601,0.0,274.2440320909571,23.924328086808867,672.5290855641845,62315062.5,114.7,154.3,15.3,8.453
176,2009-09-01,974.1716857204945,252.3062736101344,14.405255151830552,464.34119355519005,219.37731390342728,6.895141534511391,9.187310206794907,7.659197758605896,0.0,243.11896340333948,23.7416494999122,731.052722317155,62354050.0,63.8,128.0,13.2,7.293000000000001
177,2009-10-01,1098.3056563001924,374.93580914376867,15.979282944831786,477.3857339450736,204.37838116151983,5.996887072535938,8.678724769570643,10.913589517099565,0.0,229.98620639362207,25.607825232102222,868.3008260336741,62393037.5,107.4,83.1,10.4,10.850800000000001
178,2009-11-01,1120.2708866162839,336.8815924199159,16.788242892970395,504.3545520107669,228.44666659458827,9.175835638840804,12.377141378963762,12.209631194887562,0.0,262.2092748072804,33.781220455367254,858.0429995663284,62432025.0,215.0,59.3,7.3,9.590200000000001
179,2009-12-01,1236.495278510173,434.00842910942094,15.103709100280708,523.1798348073837,236.0047550053715,6.47301818583459,9.263112231452947,12.462420070428665,0.0,264.2033054930877,28.198550487716208,972.2919730170853,62471012.5,100.2,50.1,2.1,8.3745
180,2010-01-01,1370.4573348264278,547.48398656215,17.32497200447928,509.56237402015677,264.6147816349384,3.6062709966405375,11.48801791713326,16.339753639417694,0.0,296.0674132138858,31.452631578947365,1074.389921612542,62510000.0,79.4,53.3,0.9,10.0624
181,2010-02-01,1197.8580617967013,476.1487188867306,12.186078323568013,458.0739411293652,228.71188463379474,2.5635347692871733,6.9661270904542745,13.170624285685548,0.0,251.43074711812963,22.718862484334874,946.4273146785716,62552691.666666664,74.5,61.7,1.8,7.726800000000001
182,2010-03-01,1201.3664266507408,356.8865435496707,11.52803867590874,538.9961400241712,263.9382510371505,3.638479195616929,11.342401982254815,15.036572185967922,0.0,293.95570440099016,30.017453363839667,907.4107222497504,62595383.333333336,78.6,115.8,5.1,10.253300000000001
183,2010-04-01,1027.7634489884945,288.6352749505792,6.066182589423446,493.17878941841684,213.39234962121685,4.099774777561412,8.347957691867126,14.043119939429811,0.0,239.88320203007513,26.490852408858352,787.8802469584193,62638075.0,47.5,181.4,7.9,8.149099999999999
184,2010-05-01,992.1556692297423,274.36805442179764,5.2834388858251575,506.72813510577146,184.41982468838128,1.9650684978858481,6.265973134768081,13.125174495313024,0.0,205.77604081634829,21.356216127966952,786.3796284133942,62680766.666666664,38.9,199.1,9.7,9.9228
185,2010-06-01,923.2685113158752,268.64210692039063,6.558120533054153,448.0456076042788,178.84772775735817,1.2227004383660287,5.5577292653001305,14.394518797127338,0.0,200.0226762581517,21.174948500793494,723.2458350577236,62723458.333333336,38.4,208.7,14.1,6.765899999999999
186,2010-07-01,944.115801271864,299.98730207285297,8.460515739773747,424.8030506889462,181.79926600564158,3.036158821275481,11.293029762061238,14.736478181312698,0.0,210.864932770291,29.084179928193777,733.2508685015729,62766150.0,107.0,138.4,15.6,8.616200000000001
187,2010-08-01,902.2917872098953,241.89508350801464,7.030220400232929,436.9836996144784,185.48681508614567,2.9600928000980753,9.879309720327328,18.038065500597646,0.0,216.36428310716872,30.87746802102305,685.9275041027265,62808841.666666664,97.5,146.1,14.2,9.5941
188,2010-09-01,955.8118125996396,316.4778159747893,9.521326979028885,422.8948219772946,172.43770239495615,4.326195171053901,12.923121472507168,17.24931664356107,0.0,206.9363356820783,34.49863328712214,748.8754769175613,62851533.333333336,113.3,125.1,12.8,8.5613
189,2010-10-01,1102.5602748106046,405.9613740371234,11.362410459783867,403.46718637521974,241.19718463817628,5.949099460244561,16.70181960267417,17.921200237382685,0.0,281.76930393847766,40.553643836139166,820.7909708721269,62894225.0,100.5,104.6,9.4,8.5127
190,2010-11-01,1167.909676753045,487.2552330839213,12.000905668771509,423.595044244038,204.62467311845327,7.052839946878025,15.804269619182172,17.576711071800734,0.0,245.0769566881123,40.45228356965904,922.8511829967309,62936916.666666664,122.7,64.0,4.3,11.7194
191,2010-12-01,1362.803108360603,624.970955546061,10.147729033458315,439.1937125680759,259.74496242368394,2.5646078830012837,10.295332364854074,15.885808541468382,0.0,288.49071121300767,28.745748789323738,1074.3123971475952,62979608.333333336,47.1,46.4,-0.9,7.5862
192,2011-01-01,1281.361549800626,527.9513442067332,8.536756037148756,425.69465094101616,274.87248164538585,4.683231173727395,15.561602797739848,24.043045080868197,0.0,319.1603606977213,44.28787905233544,962.182751184898,63022300.0,102.2,49.7,3.1,7.877500000000001
193,2011-02-01,1112.2911788700046,462.65003841806504,8.089189376514678,349.1986967524594,250.8938554683915,6.8546206106229155,16.731170737757015,17.892033905685086,0.0,292.3532543229656,41.4593988545741,819.9379245470391,63061695.833333336,113.8,51.1,5.3,6.442699999999999
194,2011-03-01,1197.1155174151108,505.5257073603191,6.150575049480787,365.4251834787328,286.16747385907615,4.566894048716273,11.19625637749796,18.083427241287822,0.0,320.0140515265782,33.84657766750205,877.1014658885326,63101091.666666664,49.4,120.9,5.8,8.585899999999999
195,2011-04-01,944.0763028635153,258.2549905082694,3.183789165390907,374.1412354473823,271.8367038265265,5.208163779223276,13.471292884775398,17.998530657527787,0.0,308.514691148053,36.67798732152646,635.5800151210426,63140487.5,35.7,202.3,0.7,7.9018999999999995
196,2011-05-01,963.1118132802292,266.42549988880955,3.7335618167491598,380.1428038935389,269.1842894085749,4.818685694523547,22.346195110099654,16.46077746793349,0.0,312.80994768113163,43.62565827255669,650.3018655990976,63179883.333333336,100.7,190.5,11.0,6.7252
197,2011-06-01,935.9334807347468,288.20575369051124,3.85989848692649,353.87916937521766,257.0324782913335,4.282649273589867,11.120183736145362,17.57172835000821,0.0,289.98865918209157,32.95618089075807,645.9448215526553,63219279.166666664,84.7,174.5,12.6,6.557399999999998
198,2011-07-01,913.5282077912634,249.5982724898996,4.4820413959034076,393.4093466232102,234.77447164361251,3.839125621900869,8.798761592777591,18.626188423959242,0.0,266.03854728225025,31.264075638637706,647.4896605090132,63258675.0,75.7,169.4,14.2,9.007499999999999
199,2011-08-01,923.4785393999304,278.53970536358497,4.589397373024204,377.5972582629395,226.23893290060116,4.754615678453075,10.573971547447766,21.184658273879727,0.0,262.75217840038175,36.51324549978057,660.7080034100566,63298070.833333336,105.4,126.2,14.1,7.569399999999999
200,2011-09-01,925.7661394730028,295.7402780029093,4.127888495698175,387.1409023832129,194.32264420637813,6.953198843864928,19.043325593487584,18.437901947451852,0.0,238.75707059118244,44.43442638480436,687.0090688818203,63337466.666666664,107.4,126.4,13.8,8.5133
201,2011-10-01,1006.2670110878398,382.1882157703846,4.950387059630792,381.2714774260086,185.51117136794204,8.397323234484825,23.37682778158985,20.58994321468659,0.0,237.87526559870335,52.36409423076127,768.3917454891365,63376862.5,122.0,90.1,11.2,8.7516
202,2011-11-01,1113.7864619627642,543.5629743213852,5.863480592713409,321.83179103255725,191.9923426576597,7.714141654788579,22.262902875458725,20.55882882820139,0.0,242.52821601610842,50.53587335844869,871.2582459466558,63416258.333333336,99.0,58.5,8.7,8.930399999999999
203,2011-12-01,1148.7301322045312,577.3957022611,6.024648315749641,275.59561444386657,229.13806800904334,10.474464548962901,29.537257548036994,20.56437707777157,0.0,289.73247918477455,60.576099174771464,858.9976530197565,63455654.166666664,166.6,38.6,4.8,6.1871
204,2012-01-01,1167.617381197432,563.8609938884999,8.94901256082167,278.77363668506445,240.34229439932716,10.394763056332737,27.505860693077647,37.79081991430828,0.0,316.05203870222954,75.69144366371867,851.5653424952023,63495050.0,110.1,58.2,4.6,7.739300000000001
205,2012-02-01,1212.3684145975299,627.5569950793001,7.8101672077779405,270.48419828716675,244.27349662734048,7.444351413502628,22.954941090775915,31.84426489166603,0.0,306.5170540232851,62.24355739594457,905.8696513639587,63529241.666666664,59.4,62.6,4.2,9.7566
206,2012-03-01,1105.266287797544,609.8890819302293,6.2703661381832205,249.57154087019632,194.83837405468446,5.904747121379535,17.750803265818973,21.059655367892336,0.0,239.53529885893514,44.71520575509084,865.7309889386087,63563433.333333336,36.7,149.8,7.7,7.151
207,2012-04-01,1020.1133139798852,507.27944636297354,6.139097175405528,221.4094630106077,244.46761966347015,3.0878197102486133,18.435562648762435,19.294305408417372,0.0,285.2670363083527,40.79941664488257,734.8280065489867,63597625.0,128.2,126.7,6.3,7.818200000000001
208,2012-05-01,997.6150819728811,444.9549530908149,5.021858823769765,258.0139757128837,248.9381072204707,3.140944427957817,16.544742161219663,21.000500535764473,0.0,289.60603304059896,40.66792582012825,707.9907876274683,63631816.666666664,65.6,198.4,10.5,11.113
209,2012-06-01,904.5989768742372,371.61874317810344,5.712718757170395,248.76791265249994,237.25121765002544,2.7012216487578864,18.050731152848307,20.478180337205057,0.0,278.48135078883666,41.23013313881125,626.0993745877738,63666008.333333336,149.0,113.9,12.3,7.696199999999999
210,2012-07-01,925.3650067032756,406.7716898848042,3.4476814829466784,249.2363603253993,223.2419364460394,3.7577903994021997,14.082593147274263,24.845196718377647,0.0,265.90927501012555,42.667338564086144,659.4557316931501,63700200.0,118.4,136.5,14.1,6.7463
211,2012-08-01,927.8586090424493,394.3927813960202,3.9016297715767534,227.88070334083105,258.163913857602,3.60991913444952,15.752374404870631,24.175519051919512,0.0,301.68349453402124,43.51958067641921,626.175114508428,63734391.666666664,111.3,150.5,15.3,7.189399999999999
212,2012-09-01,922.5686838999873,455.0432592852018,5.1021989668371175,171.52499598156353,228.59673585347016,5.1568653843389445,29.137200528473393,28.025650039269596,0.0,290.9164518055521,62.31971595208195,631.6522320944352,63768583.333333336,111.8,138.4,11.9,10.3523
213,2012-10-01,1092.4146167623587,577.2229812888232,5.481924571462605,241.24110589233774,212.17415700179185,5.973658669234999,21.217415700179185,29.085161264537476,0.0,268.4686050097351,56.29444800794323,823.9460117526236,63802775.0,125.6,90.1,8.2,10.511700000000001
214,2012-11-01,1096.7988245055503,581.6464963613038,6.043269599798236,244.16993497498055,195.65995460310614,7.317452949153286,29.68847203997266,32.273243977235765,0.0,264.9391235694679,69.27916896636171,831.8597009360825,63836966.666666664,135.1,61.3,5.7,9.8999
215,2012-12-01,1168.2008898382537,602.7299489245211,10.442710253023698,230.84939094184264,246.69538507143093,7.149799877070232,38.02310876100963,32.292353134350286,0.0,324.16064684386106,77.46526177243014,844.0402429943928,63871158.333333336,178.3,45.7,3.8,12.4406
216,2013-01-01,1228.689397679537,624.3181517666361,6.418648829871051,248.52717339002135,275.56550429658864,6.891410500059855,32.256892419805226,34.72979961771589,0.0,349.4254236930085,73.87810253758097,879.2639739865286,63905350.0,109.7,36.1,3.3,10.427404910458334
217,2013-02-01,1104.8016701461377,562.2412841952686,3.6708600603589083,253.63462308133307,222.2142416736076,5.578980388763291,27.186171536123403,30.275509210682877,0.0,285.25490280917717,63.040661135569565,819.5467673369606,63942508.333333336,59.6,74.8,2.7,8.782859982237811
218,2013-03-01,1183.1648075690714,610.8977122940101,4.031968489989007,269.65151428318376,229.00491301924046,2.2702525281469637,31.42029498955397,35.86998994472202,0.0,298.58361250188864,69.56053746242296,884.5811950671829,63979666.666666664,64.4,80.7,2.2,7.427085337200542
219,2013-04-01,1008.8954583423968,471.93843181069974,3.0312968504764175,217.9447981058105,234.60785504435748,3.975173714097817,32.90862987972302,44.5074244153783,0.0,315.98093157541007,81.39122800919914,692.8963752888401,64016825.0,62.9,166.3,6.3,8.11272106056007
220,2013-05-01,925.914001184938,435.019940211889,2.2131956924875085,218.14490329641217,186.94247222199814,5.133888368639057,30.222819866263844,48.25492247554732,0.0,270.5359619841493,83.61163071045021,655.3780392007886,64053983.333333336,91.8,176.2,9.5,7.367647577934415
221,2013-06-01,846.836155334519,338.91214035428976,1.9218256501125937,251.63224715011967,192.30947802588943,2.157521248711308,21.992212392326188,37.91073051307013,0.0,254.3880726106585,62.078594584769064,592.466213154522,64091141.666666664,48.5,169.4,12.8,7.951254831202995
222,2013-07-01,900.5059232819207,365.4245317589894,2.5911493053768773,224.61459293322918,248.96777241872937,1.975071848154403,14.604659721215127,42.328145296226474,0.0,307.87564928432533,58.907876865596,592.6302739975954,64128300.0,65.2,247.4,17.0,7.050028593751757
223,2013-08-01,895.3303146617695,386.7269188835374,4.4005919591992315,178.5589988382898,271.3336186200909,2.6077581980439892,20.572314673458134,31.148222921080976,0.0,325.661914412674,54.328295792583106,569.6865096810265,64165458.333333336,72.2,157.6,15.6,7.297673726574707
224,2013-09-01,907.1737107288203,420.04045006473007,5.013409370386514,201.51371815842398,219.90225216677305,3.5835922575325987,26.913139833085726,30.170950976297174,0.0,280.5880341844842,60.68578201771112,626.5856765443361,64202616.666666664,71.0,113.6,12.7,9.057673900824032
225,2013-10-01,991.3573327428372,471.9465782686817,3.8347581385520106,196.87503575471737,235.31305954916562,5.679783280685524,43.37617932192322,34.35002691089749,0.0,318.7009605808862,83.40598951350624,672.656372161951,64239775.0,162.6,77.1,11.2,7.05938890200443
226,2013-11-01,1053.858460370439,488.77555867631105,3.254044478371712,257.93725898559774,228.5604685558531,7.014273653379024,36.626078406561604,31.672699589484665,0.0,303.8735202052784,75.31305164942529,749.9849401651603,64276933.333333336,90.4,70.0,5.5,8.228266534012343
227,2013-12-01,1071.7869165790648,503.00142879521866,2.872745229110624,211.9327140721234,254.31925688654806,9.359006469681152,56.334714618659916,33.9670505077231,0.0,353.9800284826122,99.66077159606417,717.8068880964527,64314091.666666664,185.5,41.6,5.7,9.270071003788516
228,2014-01-01,1083.7719236223072,534.455445698413,4.225372467512286,211.86450923641732,239.41971601173248,10.382859695810104,48.844583438550146,34.56137992657485,0.0,333.2265962199646,93.80688020823216,750.5453274023427,64351250.0,187.0,42.7,4.7,8.866217165244565
229,2014-02-01,949.4052616795161,465.31901614969973,3.175992664327432,188.98960894034767,200.57476399999663,9.004661019882889,53.84751199064237,28.49370691461941,0.0,291.9206439251413,91.34587992514466,657.4846177543749,64393095.833333336,167.8,74.8,5.2,7.992465852753702
230,2014-03-01,1011.4197097770323,492.6444438207892,2.777188825990246,218.26179455168798,207.96455546311378,9.395554404811158,41.29715851634847,39.079014194291325,0.0,297.7362825785647,89.77172711545094,713.6834271984675,64434941.666666664,79.8,126.0,6.7,8.357968117994895
231,2014-04-01,887.3847506748068,413.06400384789634,2.288792691478309,174.66912414021868,221.4902533721923,6.28967440414118,29.339799226194387,40.24310299268554,0.0,297.38085198491007,75.87257662302112,590.0219206795934,64476787.5,67.5,144.1,9.2,9.846858818702009
232,2014-05-01,854.1024995879743,325.59021967297303,2.5934833296220883,229.18107895445192,225.3989157654197,3.908235295333286,24.205844409806158,43.20671185946799,0.0,296.7197073300271,71.33880186550759,557.3827922579471,64518633.333333336,99.4,148.8,11.2,9.093079845536408
233,2014-06-01,801.2448895625323,209.46802400720514,2.3038242887886455,282.6324438035008,238.01384683547695,2.393817425069452,13.33698279681552,53.095950405675815,0.0,306.84059746303774,68.82675062756078,494.42229072675076,64560479.166666664,54.5,176.6,14.2,7.611450794239654
234,2014-07-01,799.8625126882043,181.74033210105054,1.7986968735258366,317.5599330209865,228.05677659434085,1.5109053737617029,19.28203048419697,49.931825209077225,0.0,298.7635506926415,70.70677409830064,501.0989619955628,64602325.0,64.3,221.9,16.3,6.393319252863871
235,2014-08-01,754.9456876138808,174.75611264511411,2.264890988817566,285.8436230490233,201.4674460529149,4.09837417024131,33.20042584401622,53.27886421313703,0.0,292.0630856056176,90.59563955270264,462.864626682955,64644170.833333336,137.9,169.5,13.9,7.705255078524614
236,2014-09-01,851.8385091471341,339.63961814518905,2.586772360126261,260.59935158577554,182.0800322377763,2.6945545417981887,13.706300769280123,50.5318795071887,0.0,249.01276705604332,66.91477112132169,602.8257420910908,64686016.666666664,22.5,122.1,13.9,7.423584353535013
237,2014-10-01,886.7431703001162,349.329595118331,2.818477127991056,265.8344542120482,156.90121081937474,5.547193837893226,46.71132157345687,59.618869694638846,0.0,268.7785959253637,111.87738510598894,617.9645743747525,64727862.5,157.4,82.0,11.0,9.34525234674491
238,2014-11-01,941.4449064087958,409.52745785870843,2.439906000297207,275.1891039599916,155.07755490124305,7.750289648002892,34.481612739494345,56.9789813010583,0.0,254.2884385897986,99.21088368855555,687.1564678189972,64769708.333333336,123.3,51.1,7.6,8.058522281429518
239,2014-12-01,1005.2197457333515,415.8788096746896,3.406491370848035,226.96196980823828,235.96227858805784,8.534157329071919,55.83060067800411,58.66336718639353,0.0,358.9724748795756,123.01019629151774,646.247270853776,64811554.166666664,131.4,56.7,4.4,12.508241723157173
240,2015-01-01,1054.8471784054498,436.4483280753207,3.708888045962124,226.5467654741309,260.94804590044623,9.890368122565663,60.07681941116426,56.7800300369757,0.44793333888431447,388.1252794764808,127.19515090958994,666.7039815954137,64853400.0,153.5,58.4,3.7,10.632822622303724
241,2015-02-01,975.2088832280848,406.8607629411873,2.4351126066101076,229.99280464637377,231.60427622427756,7.144190662039948,41.34319859310837,55.0765174847992,0.7341148299339296,335.8843925544045,104.29802156988146,639.3065854339256,64897204.166666664,79.9,75.6,3.5,13.186645953254184
242,2015-03-01,981.0284077048902,419.36204409104107,3.059730747944192,218.31447284015837,223.52138306034414,8.141388832249165,49.27776888794329,57.90227310144681,1.467239306031718,340.3100531880151,116.78867012767098,640.7362476791436,64941008.333333336,94.9,121.0,5.5,9.755052713371045
243,2015-04-01,825.3737440575057,298.57862558270824,2.7358084629389365,206.5624795024222,221.94022641828812,5.847120048242041,29.664746666769254,57.201642306808225,2.860976170393659,317.5147116105013,95.57448519221317,507.8769135480694,64984812.5,45.5,211.8,7.9,8.199778779449245
244,2015-05-01,771.478628511499,209.96140929749646,2.4301916310178315,222.27318895757946,225.66830961856022,6.236300582538406,46.06642665267624,55.9480146817414,2.8947870898888874,336.8138386254052,111.14552900684494,434.64692082998334,65028616.666666664,109.9,173.8,9.5,7.483546006091876
245,2015-06-01,735.8702409834274,178.71312994156955,2.7499822153279094,242.24843333206763,217.67716366783907,4.732112253648675,30.46408869707411,56.07106594889373,3.2142649270066466,312.1586954944622,94.48153182662317,423.7115454889651,65072420.833333336,56.2,188.7,12.7,6.175870928389384
246,2015-07-01,744.9936786108224,176.30874639922692,3.0693425486505093,241.37167042469062,226.07849272589127,5.121519252690094,33.031122427628446,57.121892431571396,2.908737415290889,324.2617642530721,98.18327152718082,420.7319143577503,65116225.0,107.6,160.8,14.4,6.879934182880586
247,2015-08-01,743.101877320369,186.7652018520812,3.3169414250441234,243.26020418831666,213.22940117877735,4.048095180026968,31.671440703647118,58.4209683249707,2.371791449090691,309.74169683651286,96.51229565773548,433.342347465442,65160029.166666664,104.7,148.1,14.7,8.77230062161994
248,2015-09-01,773.2370233856394,198.59764891123476,3.974091502800193,268.97292848324355,210.6090286102811,2.0672404229812664,27.747356367084755,58.8807099787078,2.3880191093059455,301.6923544883608,91.08332587807976,471.56248993540765,65203833.333333336,52.1,151.9,11.9,5.484711256915521
249,2015-10-01,903.5967930639634,289.4508785854507,4.434459408587782,261.68653232846935,242.9870047018944,2.2439433151889983,30.73846160330326,70.68421442845344,1.3712986926154989,348.02492274145555,105.0379180395612,555.5718703225078,65247637.5,72.1,90.4,10.0,10.020628992238937
250,2015-11-01,886.3146611992154,256.08284291471074,3.648410785844444,255.9404659084339,232.2168972375527,7.884126722580921,59.78054551049505,70.245255471844,0.5161166477536043,370.64294159022626,138.42604435267359,515.6717196089891,65291441.666666664,172.0,35.5,8.1,7.590060503362296
251,2015-12-01,867.8996654370895,216.4458068478735,4.695291126363074,236.73871281446543,256.7470556824899,12.005005720814678,70.57164844472983,70.32265573348332,0.37348906686978994,410.01985464838754,153.2727989658976,457.879810788702,65335245.833333336,216.9,29.1,7.9,10.301286005056195
252,2016-01-01,936.5450859258432,219.5888438268834,5.065384094752065,332.55579577861715,232.847708860866,9.597569863740755,59.34497365746366,76.85165202002783,0.6931578234923879,379.3350622255906,146.46958008719918,557.2100237002526,65379050.0,178.7,37.3,4.5,12.305453514149319
253,2016-02-01,877.1955139126871,226.42174015561767,4.209771116096445,303.56535178940186,213.89900329128014,8.54388146347,49.27386108038624,69.80759698843472,1.4565452806747197,342.9808881042458,129.08188481296568,534.196863061116,65417808.333333336,110.1,84.5,3.8,9.296496836585073
254,2016-03-01,883.1911746058582,188.67069614100342,4.242782873325162,356.71330149203266,215.08601377911154,6.745847246291052,36.51633627794919,72.89065471913437,2.3255420770108626,333.58214632909255,118.49613254998098,549.6090282767657,65456566.666666664,83.8,116.5,5.3,10.563320684365682
255,2016-04-01,752.2845943584523,83.03126978910326,2.359649333750157,350.8425983075891,203.036293048397,4.666073494558581,36.05118380586706,68.85563206228842,3.441894516898725,316.05107692800976,113.01478387961278,436.23351743044253,65495325.0,77.3,160.4,6.5,7.7563133849692045
256,2016-05-01,696.0926845954205,50.87090305426311,1.950435460428352,317.86778635544607,211.87048469689435,3.2980090512697586,35.12556951916878,70.99585075959202,4.1136456983579786,325.3858284938244,113.53307502838854,370.706856101596,65534083.333333336,61.4,208.1,11.3,9.945273920003917
257,2016-06-01,694.9192507416371,65.99207675027047,2.5517881450158293,323.0315701075941,219.82591624250946,1.630309092649002,20.042169388978493,58.35443306623004,3.490987948389711,303.3260949877496,83.51789949624724,391.59315575388746,65572841.666666664,96.1,134.7,13.9,8.356012847006916
258,2016-07-01,681.9167342360192,45.23206262307275,2.390888196599382,306.17537142822306,243.19760530150157,3.9848136609989697,29.89495759896116,46.825988087472346,4.215047339190021,328.1361222710618,84.93851696956025,353.7983222478952,65611600.0,78.5,156.6,15.3,8.38241074492982
259,2016-08-01,668.6286733900793,31.257894885823802,2.4248763303272143,307.02120310843696,239.21316499541828,4.124059744279131,35.24035601227361,45.16995908755512,4.177159225965129,327.92469906549127,88.71153407007299,340.70397432458793,65650358.333333336,85.1,180.8,15.5,7.961966081815181
260,2016-09-01,714.4919034025678,54.324097827468634,3.0602634074086854,325.09549653963484,234.8796388645811,4.440035348321272,37.0769485660613,52.74974266411966,2.8833695688301484,332.02973501191343,97.13240676347452,382.46216839065426,65689116.666666664,96.3,119.4,14.6,6.9480837415777135
261,2016-10-01,823.4325847290819,93.29183394412186,4.0131222863967535,402.58511324152806,232.35447669653095,3.765616947147614,35.198795031788265,50.084473292343624,2.121474336421191,323.52483630423166,91.1703596077007,499.89006947204666,65727875.0,47.0,104.5,9.8,6.712245860466778
262,2016-11-01,908.1449813203149,141.6839744977063,3.8870774896490063,411.8181914942684,240.76911341566822,4.02842576199988,43.14656013510397,61.53950407476131,1.2898029852017157,350.75573783869123,109.98662442302303,557.3892434816237,65766633.333333336,104.9,74.3,4.9,10.95637064575641
263,2016-12-01,911.4242538636969,133.40715369447312,2.6134028784622134,398.77349462373087,243.43494650324374,5.403387032496197,50.961356130013165,76.05355538876184,0.7946157400729701,376.6302026670307,133.21291429134416,534.776393069109,65805391.666666664,77.3,40.4,5.9,13.360691098176606
264,2017-01-01,1000.6441270788673,211.7727998614911,2.8765805314519204,427.8516466534992,223.6144289204128,6.582604529028015,48.51361890160325,78.30299274878634,1.14710266591641,358.143100032425,134.52867111201223,642.5010270464422,65844150.0,76.0,54.7,3.8,10.816307152946663
265,2017-02-01,823.8268423502373,160.3909105554161,2.5223688781947105,304.2012144989229,220.3985953359644,5.750295484555772,57.767538993620114,71.20841371518912,1.5522270019659756,356.6947094744996,136.278475195331,467.13213287573785,65876962.5,93.4,54.7,5.2,10.315948503309558
266,2017-03-01,785.7586829874627,66.46571013176725,2.5211131429291025,345.5864323615124,225.19005716526877,7.704380723496629,53.80725393160575,80.88718251579527,3.631813338765001,371.185427351254,146.01300034782398,414.5732556362087,65909775.0,97.7,119.0,7.3,8.350782263093167
267,2017-04-01,666.0708908336361,21.815279844758898,1.3568469693428393,323.47584176917536,204.16141541306672,3.118985890567306,43.38386024054637,63.10219476904815,5.6564659371305375,319.4229222503591,115.26150683729236,346.6479685832771,65942587.5,33.2,158.3,8.0,8.265336165176526
268,2017-05-01,692.9687428950791,28.761417134265194,1.461847900884269,311.32076501241374,231.23615771939237,2.078289786799322,37.162639408021775,74.80081969946374,6.1644188591505324,351.4247128475159,120.20616775343537,341.5440300475632,65975400.0,57.2,207.6,12.1,7.989702197372228
269,2017-06-01,644.600912348596,20.420489344413014,1.8131986228228798,275.53577518857975,239.92314592672844,2.781411479670049,45.312361700447504,52.741194892983955,6.055731322825928,346.8314491927804,106.90830326605192,297.76946315581563,66008212.5,110.4,155.5,14.4,6.917617298655159
270,2017-07-01,651.6881892732586,18.105382222641154,1.2492537782386024,293.29311590787694,222.41995789738272,2.9735758946806166,36.070003456185,71.50658246143212,6.070317654821379,339.0404373645018,116.60288434348193,312.64775190875673,66041025.0,101.3,168.2,15.1,7.737949156582271
271,2017-08-01,653.6332024002693,24.462662699135645,1.9345024420596124,272.465875771178,238.66484219264547,4.695565018453786,36.75554639913264,69.1672554965496,5.486952381114537,354.770161487896,116.10531929525055,298.88062729821013,66073837.5,102.3,155.1,14.5,8.149338141581408
272,2017-09-01,677.688976827596,53.61185296789355,2.144474118715742,292.17580984666444,226.06624295740292,5.396340610210924,46.15892652252081,48.1276240741287,4.025283386769712,329.7744175510331,103.69059693691936,347.93213693327374,66106650.0,117.2,108.4,12.5,8.930118344429065
273,2017-10-01,727.6174946235767,45.74950998430022,2.354237456949397,325.13073416645926,226.35817459205992,7.501935776995466,73.1746194641361,44.74808061828443,2.617771500637762,354.40058195211367,128.04240736005377,373.216912671463,66139462.5,101.4,72.4,11.2,6.510823726241289
274,2017-11-01,863.4011147417857,149.2970280982481,3.6525266813027057,370.5031752346432,201.74941846868646,7.182131791600032,67.46638225752402,61.86467066456458,1.6506610963579536,339.9308245031624,138.1814060344759,523.4702902386233,66172275.0,107.7,70.8,5.7,7.596273910478029
275,2017-12-01,885.1232165503898,175.23438814275414,3.5454072921510753,356.8048754561347,202.0004580463699,7.476948051764149,74.04986814646232,64.99328318235362,1.0179882323998137,349.5560971805981,147.55563913422816,535.5846708910399,66205087.5,120.6,44.6,4.1,8.803784451079293
276,2018-01-01,819.9517194838605,72.41678857572478,3.2454229376233243,385.67904477647994,210.26832070461174,6.5083887019365045,85.60899424649634,54.9792188460081,1.2630835216696181,358.61046319403243,148.34214248942072,461.34125628982804,66237900.0,132.4,49.1,4.0,8.24211825823136
277,2018-02-01,792.576093726481,127.38800736538758,2.9983963192678975,329.26249171469345,204.78520826157765,5.751309898946611,66.05239143088988,53.46263378624456,2.8931894308725328,332.9447328085312,128.1595245469536,459.6313609179498,66269425.0,68.6,98.0,2.3,10.227741735648403
278,2018-03-01,870.0503688107033,176.5408489621944,4.101117706458203,330.6657596912261,215.65920246994952,3.9433824100559645,69.0880598241805,66.63439965792345,3.400071944670476,358.74264245082463,143.08343998087508,511.30772635987876,66300950.0,103.9,83.6,3.8,9.070740290619472
279,2018-04-01,693.0047461669416,29.657660143089792,3.048099742999187,317.5279077103636,207.51603192855387,4.41448928296434,57.23070034700198,68.77494017824603,4.817399019107911,342.77107857048907,135.2550466419352,350.23366759645256,66332475.0,83.9,131.4,8.4,8.371105817629974
280,2018-05-01,646.8532035440902,14.760502682177083,2.7314809233922004,292.8462720752215,206.80462298836719,3.431860647338919,40.954704357784344,77.35694050991502,7.949309866795251,336.51494786329937,129.71032487493218,310.3382556807908,66364000.0,47.7,240.6,12.0,7.624345916782858
281,2018-06-01,624.8096087801098,14.053447126142913,2.3801604099071434,289.0844827268103,214.91448407102737,1.7501179484611349,30.802075892915976,63.861803939346814,7.945535486013553,319.27401733776486,104.3595332667375,305.5180902628603,66395525.0,34.7,234.4,14.8,8.94014778065034
282,2018-07-01,653.9011140792794,9.586094821311498,2.3790308315663573,323.8455719469704,215.1448543929017,1.3819370271598697,25.871960293284136,67.9073359422103,7.784328823875214,318.1079093531927,102.96305496029103,335.79320472608674,66427050.0,54.2,234.0,17.2,7.836300655836562
283,2018-08-01,646.3348333905745,13.480608032898688,2.517778932214541,275.10231749627496,225.9531745903369,2.6226863877234803,43.15193336601033,77.64900165253317,5.839848356664283,355.23412892918634,129.28095433884943,291.10070446138815,66458575.0,83.0,147.1,15.2,7.829488691510428
284,2018-09-01,640.9253106853502,61.132048229736455,2.56901403366817,217.3875208489685,210.60672190295998,5.015694065733094,64.55740027462735,74.62374097798018,5.033170351676415,359.8192512870337,149.21252938407372,281.0885831123731,66490100.0,101.4,132.4,12.4,8.172778117399622
285,2018-10-01,703.8732141615601,48.543582631963666,2.480456543266945,310.4064279848846,172.96817388330487,7.668453679536542,73.31321205698147,84.87703058967666,3.6333447957713,342.46021500527087,169.49204112196597,361.4129991562894,66521625.0,104.2,111.4,9.5,10.182520790193193
286,2018-11-01,761.8203796514515,104.30442435857658,2.8983151060468213,301.8787239972864,177.96702334900755,6.739455608036584,85.79711103080771,80.59411162356703,1.6412145781228988,352.7389161895418,174.77189284053418,409.09892319146434,66553150.0,121.7,61.8,7.3,8.703664135536245
287,2018-12-01,773.3790395462621,68.67150737012683,2.7049767833213876,331.8570226557387,197.75998005547072,7.9578671819003395,78.51413256879304,85.02352831188257,0.872573155910125,370.12808127395675,172.3681012184861,403.23350680918696,66584675.0,117.7,36.2,5.8,9.17001674913172
288,2019-01-01,850.1469012042116,86.69272639388016,4.27358510392367,418.8636697980371,182.6826807893575,6.052791963516382,72.31952588109199,77.79669209591661,1.4652291784881155,340.31691990837066,157.6342391190131,509.8299812958409,66616200.0,64.6,50.8,3.4,10.485593282643737
289,2019-02-01,661.2491542321653,29.780971295974542,2.231829230611675,308.1667954830527,170.90929780043467,5.753934735170725,74.87089622067604,66.2225579520558,3.3477438459175124,321.0869943883906,150.17769658795592,340.16215984377476,66643091.666666664,71.1,99.1,6.0,9.03999828890894
290,2019-03-01,664.921420159347,21.664412195493274,1.551192828156799,297.20157422168245,168.05169942795345,7.999972001392932,89.02801085645989,74.54440141602954,4.897586345079332,344.50424091401453,176.4699706189617,320.41717924533253,66669983.333333336,128.9,115.2,6.8,9.444500253934585
291,2019-04-01,643.6596917021974,14.146749754017709,1.5854116103640539,308.5977566415218,182.53140045916695,3.2056674319449,60.803148573302714,65.9252476221712,6.864309609708101,319.32977369629384,136.79837323712692,324.32991800590355,66696875.0,48.6,168.7,8.4,8.509920373918714
292,2019-05-01,624.1217796956906,2.751583268930162,1.758923482037635,310.1800607779437,181.34326948968206,1.9679044898044824,40.594560758710166,77.5319538815005,7.976108463101354,309.41379708279857,128.0705275931165,314.6905675289115,66723766.666666664,63.6,186.9,10.0,7.179178554265227
293,2019-06-01,562.9769194536034,5.274644607125597,1.6885825970006039,293.4303943818781,125.70365910248825,3.429389398032154,53.54721719973049,72.92239689521165,6.963227204126201,262.5658897995887,136.86223069710047,300.3936215860043,66750658.333333336,109.0,159.7,13.2,6.963996859349094
294,2019-07-01,606.1658446588712,7.586861153186962,2.349142788257431,315.7421917994895,152.83348969825937,3.5324147112315436,44.91212989994392,71.44874287840749,7.7608717300949195,280.48764891793724,127.65415921967787,325.6781957409339,66777550.0,89.1,173.3,16.4,6.448720561050102
295,2019-08-01,575.9170953328578,16.663502788549614,1.739405301518749,234.75013949297033,170.54868981391334,5.218215904556247,67.24540895671483,72.63756539142295,7.0967736301964965,322.74665369680383,152.19796388289052,253.1704416360539,66804441.666666664,132.6,175.1,15.8,7.4691657584764855
296,2019-09-01,590.4469659939948,10.449619439983241,2.0864464772013127,244.06207667062355,185.24167306752318,6.381048809440682,69.58299001466378,67.06186718804553,5.546470218560156,333.83143635221,148.57237623071015,256.6155296417848,66831333.333333336,126.1,142.9,13.1,9.332386596600989
297,2019-10-01,696.453787099493,21.5860352260324,2.137747449921083,316.2302020432041,197.76770920855284,7.073684651364885,81.96436564087665,66.58301203778592,3.093650781186608,356.48242231976695,158.73209317178254,339.9539847191576,66858225.0,139.8,88.4,8.9,8.805913785994422
298,2019-11-01,755.2943392737847,53.648048756238,2.6928262814821533,340.87706109007314,191.67711202317807,4.1521643953176435,69.94399102740097,90.75693222234045,1.5462034777542688,358.0764031459914,166.39929112281334,397.2179361277933,66885116.666666664,119.1,48.1,5.3,9.64233468423438
299,2019-12-01,736.3743403806069,50.36166278574063,2.6396457735974397,280.3581669010333,194.30918789987996,7.936303411408091,99.28194005037211,100.27180721547116,1.2156263431040841,403.0148649202354,208.70567702035547,333.3594754603714,66912008.333333336,139.6,46.0,5.1,8.988365016838094
300,2020-01-01,753.2466771936796,71.83201397094963,2.4302759680843278,265.95898647871417,196.78291695859957,8.957302853796522,114.41392075459859,91.4130946280862,1.4581655808505967,413.0427598899892,216.25984293138967,340.2039173036904,66938900.0,121.3,45.1,5.6,7.998472163355533
301,2020-02-01,640.9110888842295,50.525163292584956,2.2390058621585225,216.92321911052102,155.55015919895098,9.26844287126086,126.65136260597471,77.0461009466797,2.724991630689054,371.22370061896487,215.67354142001395,269.6873882652645,66948462.5,213.7,73.4,5.1,9.210903841417723
302,2020-03-01,634.4505830331764,27.315441278323252,2.0998528555763105,274.66422434054766,132.68987548542538,8.694432071435799,99.89052096444003,83.02228149650472,6.073954540923213,330.37106455872913,197.68118907330376,304.06216431861606,66958025.0,78.5,136.1,5.6,10.943244419088076
303,2020-04-01,508.33475224114954,7.669441578733892,1.214617444595865,201.22740721397497,148.80798864077343,4.459381189444819,59.967398407475855,76.36473390952004,8.641135534410584,298.22328600384475,149.4326490408513,210.11146623730477,66967587.5,30.0,223.0,9.1,7.920979286736632
304,2020-05-01,509.47662001145164,3.3136972833272242,1.006253625303555,190.85855399938634,161.5557544625294,3.487189287689906,55.864425404783574,82.89447968448941,10.496266263942255,314.3154643038708,152.74236064090513,195.17850490801715,66977150.0,32.8,266.9,11.3,6.927816670654075
305,2020-06-01,521.0955829486333,6.78256900575618,0.9714165327937239,233.1920080418934,128.74738404276818,3.3305709695784813,59.499262633615594,80.62757222187908,7.927452776548782,280.14958936819,151.40220532542182,240.9286468566434,66986712.5,107.6,161.2,14.0,7.971262845497982
306,2020-07-01,581.9515487987951,5.029831882444211,1.3008185902872957,265.5577791451838,151.01636620841978,5.220618609019681,59.54280293941716,86.47841988229942,7.787567293853278,310.04577493300934,159.02940872458953,271.9057738657858,66996275.0,96.0,144.5,14.3,7.171506851888084
307,2020-08-01,551.7805221074955,7.682405282972547,1.6127848562448008,286.13924868859374,121.1843072627814,3.242911485137396,60.17595108784364,65.06633097452143,6.676582469400521,256.3460832796844,135.161776016903,295.4170970551633,67005837.5,122.2,145.4,15.9,8.129296621410221
308,2020-09-01,569.2664969544313,13.10850938739454,1.265768763597621,282.0930413009547,131.96939807865058,4.19611014781677,73.2932132017417,57.254362430128,6.120772240410413,272.816516800616,140.8471187219654,296.4499801538154,67015400.0,77.4,144.9,12.8,7.64678923838496
309,2020-10-01,633.9036444817108,9.864653038783871,1.9070506753360734,269.7089759654845,179.83487868419175,6.9173929041735756,92.9253783618305,69.7113705956941,3.0512810805377177,352.44030162642764,172.6054229422359,281.4633428552832,67024962.5,182.7,66.9,9.4,7.73984744267354
310,2020-11-01,646.4672942785826,19.72649168469531,2.721493141034414,278.44168359513253,167.83118848086116,8.753847364473755,88.33585380070943,78.71528887539667,1.9067786338457682,345.5776258577203,177.72910302564242,300.8896684208622,67034525.0,104.9,53.2,7.7,7.33304824610073
311,2020-12-01,722.011407791925,30.694757386324333,2.981083156661652,315.4921901204189,183.45793728641618,7.989996135005939,94.61472646637186,85.61948135993349,1.1785677596104205,372.84337712852005,189.3854398421039,349.1680306634049,67044087.5,167.0,37.5,4.3,9.78745776821677
312,2021-01-01,767.3114886363384,57.84556097990191,3.5525284604193805,353.4852465152904,170.27875440039432,6.377221821630888,86.40442392024893,87.94674115428465,1.4036819770437552,352.41082327360255,182.13206887320825,414.90066536273565,67053650.0,139.6,44.2,2.2,10.59094150029329
313,2021-02-01,608.0650206010012,29.703130566293776,2.2008737350754433,253.4124143937654,130.09416637174292,5.112265762576817,104.63681584555532,80.02862132738895,2.8767325986025476,322.74860190586656,192.6544355341236,285.3164186951346,67052460.86956522,105.4,71.4,4.1,14.048308609634958
314,2021-03-01,644.0886281141078,16.65417778662373,2.027615817934419,295.9279291200695,131.5004173203963,6.394788348870089,86.91019937556503,99.49181547659401,5.181684868054625,329.49623543920603,197.9958181188097,314.59239267490176,67051163.63636363,87.0,102.2,6.4,10.164553251420365
315,2021-04-01,618.6612242254258,13.067134379124068,2.235623786348813,323.81884068160906,141.2255677128409,4.956499247253958,49.80761830981774,74.59011454608753,8.977155979292133,279.55695579529225,138.33138808245135,339.12159884708194,67049742.85714286,20.5,223.8,5.7,7.3943974598097295
316,2021-05-01,588.0520843369649,11.715634935952025,2.3049991811858277,287.39700316995925,133.91525318062324,3.6048107495237005,57.93693430604679,83.03196298542332,8.128155007339497,286.61711622895655,152.7018630483333,301.4349681080083,67048180.0,121.0,161.4,9.1,7.906963763084871
317,2021-06-01,542.4513389224408,11.21333001957951,1.8717768811662865,241.8578368210697,151.49260850254177,1.889108148584493,43.796112765807464,81.78625094651579,8.544314837175733,287.5083952006253,136.01578669808347,254.92561245439734,67046452.631578945,44.7,181.0,14.2,8.078245174614183
318,2021-07-01,563.5769558144437,26.222958272511406,2.114475154822466,279.02406161874495,129.98822673088932,1.4558681393859603,32.53172020985057,83.43510979766683,8.804535890572236,256.2154607683649,126.22723403747557,307.3614950460788,67044533.333333336,74.5,190.4,16.6,8.115375267543806
319,2021-08-01,527.8557481544161,17.696296794144107,2.513186126494511,245.94559403418697,128.79645590331526,2.0625458555368748,52.70757938392971,71.3398213562166,6.759604064364547,261.68333888147674,132.88688297816148,266.1724092729393,67042388.23529412,66.6,127.1,15.0,7.6836795902822
320,2021-09-01,568.4684995780502,23.035479950581724,2.4786107095057837,283.324270332738,137.76222321085294,1.8719577386477246,50.334863639194374,63.88922430236587,5.771869694163819,259.6301385852247,121.86791537437178,308.8383609928255,67039975.0,82.3,118.8,14.7,8.027233683125592
321,2021-10-01,577.5225233019737,14.352261519119821,2.5307127799414175,232.3749008759907,131.77040104873052,6.794790477650929,101.62718512874338,84.31086960024011,3.7960691699121263,328.28198177609937,196.51158072736885,249.24054152587428,67037240.0,167.8,80.2,10.9,8.84189765320044
322,2021-11-01,680.5681328994959,32.67545224307965,2.756178730318124,292.8136547958097,160.53441019796318,7.852509212793145,92.87802287449377,88.89109766711535,2.166807177923053,352.32284713028855,191.80577138974868,328.2452857692075,67034114.28571428,80.6,58.2,7.0,9.151127992241662
323,2021-12-01,716.2289777123298,34.16805390335468,3.8137858238143227,312.05435733855285,169.00271816529923,7.0034976037317564,93.14305105161071,96.09006737001269,0.9534464559535807,366.19278064660796,197.19006248130873,350.0361970657218,67030507.692307696,114.2,26.9,5.3,8.571157942796898
